,0
0,The five brothers forced apart by the war in Syria
1,Naomi Klein on how politics can solve the climate crisis
2,Are Fox News and Donald Trump falling out of love?
3,Is this the end of the road for remainers?
4,How did a town in West Virginia become the opioid capital of the US?
5,Naming and shaming the polluters
6,Will parliament vote for a Brexit deal?
7,On the frontline as US troops leave northern Syria
8,Hong Kong: the story of one protester
9,What is the truth about vaping?
10,A fatal crash and the problem of diplomatic immunity
11,Brexit and the Irish border: is there a solution?
12,"Shell, Nigeria and a 24-year fight for justice"
13,"Thirteen children have been shot dead in St Louis, Missouri. Why?"
14,The strange world of TikTok: viral videos and Chinese censorship
15,"Reality TV, social media and living your life online with Jia Tolentino"
16,Boris Johnson’s Brexit speech: preparing for an election
17,Boris Johnson and the Jennifer Arcuri allegations
18,Could this impeachment inquiry end Trump’s presidency?
19,Is it over for Justin Trudeau?
20,Prince Andrew's damaged reputation
21,Can Labour unite and plot a path to power?
22,Unlawful: the supreme court stuns Boris Johnson
23,How to cheat your way into an Ivy League university
24,The British spy who tried to stop the Iraq war
25,Where did it all go wrong for David Cameron?
26,County lines: how drugs gangs are recruiting children
27,Revoke and remain: inside the Lib Dem party conference
28,How dangerous is chlorinated chicken?
29,Edward Snowden: life after leaking
30,"A 2,000km journey through the Amazon rainforest"
31,'It's all gone': how Hurricane Dorian devastated the Bahamas
32,Could Boris Johnson's explosive election strategy work?
33,"Siri, sex and Apple's privacy problem"
34,Why do Dubai's princesses keep trying to run away?
35,Malcolm Gladwell on the consequences of misreading a stranger
36,Reporting from the eye of a political storm
37,Back to school after a decade of austerity
38,Boris Johnson's ultimatum: back me or it's a general election
39,The man who gave birth
40,"Antique firearms: gangs, guns and untraceable ‘ghost bullets’"
41,"Philip Hammond, the Treasury and the risk of a no-deal Brexit"
42,Helping a nine-year-old recover from an eating disorder
43,The crisis in Kashmir
44,Meghan: why all the hate against the Duchess of Sussex?
45,In black and white: why Newcastle United fans want Mike Ashley out
46,The mother who hunts paedophiles in her spare time
47,Cancer town: life in the shadow of a chemical plant
48,How much does Google know about you?
49,The women fighting back in Kenya's biggest slum
50,Running dry: the water crisis driving migration to the US
51,"Understanding Dominic Cummings, Boris Johnson’s chief strategist"
52,Obscene texts and corruption: the downfall of Puerto Rico's governor
53,A web of lies: Carl Beech and the VIP paedophile ring
54,Jeff Bezos and the United States of Amazon
55,Boris Johnson's Brexit cabinet
56,Can Labour reunite to take on Boris Johnson?
57,Is Boris Johnson leading us to a no-deal Brexit?
58,Is Trump using racism to win the 2020 presidential election?
59,Stranded in Pakistan: why did the Home Office deny a baby a visa?
60,The Jeffrey Epstein scandal
61,Has Brexit saved the Lib Dems?
62,Why do so many people still believe the moon landings were a hoax?
63,The real Boris Johnson: politician or journalist?
64,Police chases: are they worth it?
65,"Stop and search is discriminatory, so why is it on the rise?"
66,What is happening to migrant children at US border facilities?
67,Jeremy Hunt and the NHS: master negotiator or out of his depth?
68,The sea captain facing jail after saving the lives of refugees
69,What really happens to the waste in your recycling bin?
70,Who owns England?
71,Is a new generation taking over the Democratic party?
72,Should doctors face jail when treatment goes wrong?
73,Life in the fastest warming place on earth
74,Why is cocaine washing up on the beaches of Fiji?
75,Has Saudi Arabia got away with the murder of Jamal Khashoggi?
76,Why aren't Hong Kong's protesters backing down?
77,Ebola is back – can it be contained?
78,Can anything stop Boris Johnson?
79,What has changed since the Stonewall rebellion?
80,On the frontline: why has environmental journalism become so dangerous?
81,Why are the best footballers in the world suing their bosses?
82,What oil companies knew: the great climate cover-up
83,The rehabilitation of Tony Blair?
84,From bootcamp to burnout: how to make it as a YouTuber
85,The story of Grenfell United
86,Private armies and secret deals: Russia's drive into Africa
87,Change UK: how not to set up a political party
88,Crippled by the state: the impact of austerity on disabled people
89,Are peers asleep on the job? Investigating the House of Lords
90,Farewell Maybot: John Crace on the changing of the Tory guard
91,China's forgotten protesters: the other Tiananmens
92,What is the future for Sir Philip Green?
93,"Death, carnage and chaos: a climber on his recent ascent of Everest"
94,"Inside Islamic State: meeting Umm Sayyaf, the most senior female Isis captive"
95,Trump's coming to see the Queen – but what really happens on a state visit?
96,Historical war crimes: an amnesty for British soldiers?
97,What happens to a place when its steel industry collapses?
98,The Brexit divide: Britain's EU election earthquake
99,Who is trying to ban abortion in the US?
